ALTER SESSION SET NLS_DATE_FORMAT='DD/MM/YYYY';
DROP TABLE PARTEDE;
DROP TABLE PEDIDO;
DROP TABLE EMPLEADOMESA;
DROP TABLE TARJETA;
DROP TABLE MENU;
DROP TABLE MESA;
DROP TABLE EMPLEADO;

CREATE TABLE EMPLEADO( 
	TIPODOC VARCHAR2(50) NOT NULL, 
	NROEMP NUMBER(8) NOT NULL,
	NOMBRE VARCHAR2(100) NOT NULL, 
	FINGRESO DATE NOT NULL,
	CONSTRAINT EMPLEADO_Pk PRIMARY KEY(TIPODOC, NROEMP));

CREATE TABLE MESA( 
	NROMESA NUMBER(8) NOT NULL CONSTRAINT MESA_pk PRIMARY KEY, 
	SECTOR VARCHAR2(10) NOT NULL CONSTRAINT SECTOR CHECK (SECTOR IN ('Interior', 'Aire Libre')));
	
CREATE TABLE MENU( 
	CODMENU NUMBER(8) NOT NULL CONSTRAINT MENU_pk PRIMARY KEY,
	NOMBRE VARCHAR2(100) NOT NULL, 
	DESCRIPCION VARCHAR2(100) NOT NULL, 
	TIPODOC VARCHAR2(50) NOT NULL,
	NROEMP NUMBER(8) NOT NULL, 
	CONSTRAINT MENU_TO_EMP_FK FOREIGN KEY(TIPODOC, NROEMP) REFERENCES EMPLEADO (TIPODOC, NROEMP));

CREATE TABLE TARJETA( 
	NROTARJ NUMBER(8) NOT NULL, 
	NOMTARJ VARCHAR2(100) NOT NULL, 
	TIPO VARCHAR2(10) NOT NULL CONSTRAINT TIPO CHECK (Tipo IN ('Debito', 'Credito')),
	CONSTRAINT TARJETA_Pk PRIMARY KEY(NROTARJ, NOMTARJ));

CREATE TABLE EMPLEADOMESA( 
	TIPODOC VARCHAR2(50) NOT NULL, 
	NROEMP NUMBER(8) NOT NULL,
	NROMESA NUMBER(8) NOT NULL CONSTRAINT EMPMESA_TO_MESA_FK REFERENCES MESA,
	CONSTRAINT EMPMESA_TO_EMP FOREIGN KEY(TIPODOC, NROEMP) REFERENCES EMPLEADO (TIPODOC, NROEMP),
	CONSTRAINT EMPMESA_Pk PRIMARY KEY(TIPODOC, NROEMP, NROMESA));

CREATE TABLE PEDIDO( 
	NROTARJ NUMBER(8) NOT NULL, 
	NOMTARJ VARCHAR2(100) NOT NULL,
	FECHA DATE NOT NULL,
	CODMENU NUMBER(8) NOT NULL CONSTRAINT PED_TO_MEN_FK REFERENCES MENU,
	MONTOPED NUMBER(8) NOT NULL,
	TIPO VARCHAR2(10) NOT NULL CONSTRAINT TIPO_PED CHECK (TIPO IN ('Local', 'Delivery', 'TakeAway')),
	TIPODOC VARCHAR2(50) NOT NULL, 
	NROEMP NUMBER(8) NOT NULL,
	CONSTRAINT PE_TARJ_EMP FOREIGN KEY(NROTARJ, NOMTARJ) REFERENCES TARJETA (NROTARJ, NOMTARJ),
	CONSTRAINT PED_EMP_EMP FOREIGN KEY(TIPODOC, NROEMP) REFERENCES EMPLEADO (TIPODOC, NROEMP),
	CONSTRAINT PEDIDO_PK PRIMARY KEY(NROTARJ, NOMTARJ, FECHA, CODMENU));

CREATE TABLE PARTEDE( 
	CODMENU NUMBER(8) NOT NULL CONSTRAINT MPARTEDE_TO_MENU_FK REFERENCES MENU,
	CODMENUCOMPONENTE NUMBER(8) NOT NULL CONSTRAINT MCOMPARTEDE_TO_MENU_FK REFERENCES MENU,
	CONSTRAINT PARTEDE_PK PRIMARY KEY(CODMENU, CODMENUCOMPONENTE));

INSERT INTO EMPLEADO (TIPODOC, NROEMP, NOMBRE, FINGRESO) VALUES ('DNI',26126235, 'EMPLEADO 1', '06/09/2019');
INSERT INTO EMPLEADO (TIPODOC, NROEMP, NOMBRE, FINGRESO) VALUES ('CI',21315321, 'EMPLEADO 2', '17/06/2019');
INSERT INTO EMPLEADO (TIPODOC, NROEMP, NOMBRE, FINGRESO) VALUES ('CI',31955573, 'EMPLEADO 3', '14/01/2019');
INSERT INTO EMPLEADO (TIPODOC, NROEMP, NOMBRE, FINGRESO) VALUES ('DNI',44572056, 'EMPLEADO 4', '03/01/2019');
INSERT INTO EMPLEADO (TIPODOC, NROEMP, NOMBRE, FINGRESO) VALUES ('CI',34831520, 'EMPLEADO 5', '09/01/2019');
INSERT INTO EMPLEADO (TIPODOC, NROEMP, NOMBRE, FINGRESO) VALUES ('CPF',14142650, 'EMPLEADO 6', '27/03/2019');
INSERT INTO EMPLEADO (TIPODOC, NROEMP, NOMBRE, FINGRESO) VALUES ('CPF',12492680, 'EMPLEADO 7', '30/07/2019');
INSERT INTO EMPLEADO (TIPODOC, NROEMP, NOMBRE, FINGRESO) VALUES ('DNI',64061753, 'EMPLEADO 8', '27/10/2019');
INSERT INTO EMPLEADO (TIPODOC, NROEMP, NOMBRE, FINGRESO) VALUES ('CI',57646564, 'EMPLEADO 9', '21/03/2019');
INSERT INTO EMPLEADO (TIPODOC, NROEMP, NOMBRE, FINGRESO) VALUES ('CPF',45869078, 'EMPLEADO 10', '23/12/2019');
INSERT INTO EMPLEADO (TIPODOC, NROEMP, NOMBRE, FINGRESO) VALUES ('DNI',33851645, 'EMPLEADO 11', '02/03/2019');
INSERT INTO EMPLEADO (TIPODOC, NROEMP, NOMBRE, FINGRESO) VALUES ('CI',93852017, 'EMPLEADO 12', '05/02/2019');
INSERT INTO EMPLEADO (TIPODOC, NROEMP, NOMBRE, FINGRESO) VALUES ('DNI',90178884, 'EMPLEADO 13', '15/01/2019');
INSERT INTO EMPLEADO (TIPODOC, NROEMP, NOMBRE, FINGRESO) VALUES ('DNI',22568771, 'EMPLEADO 14', '11/06/2019');
INSERT INTO EMPLEADO (TIPODOC, NROEMP, NOMBRE, FINGRESO) VALUES ('CI',73952780, 'EMPLEADO 15', '08/01/2019');
INSERT INTO EMPLEADO (TIPODOC, NROEMP, NOMBRE, FINGRESO) VALUES ('DNI',88258993, 'EMPLEADO 16', '10/12/2019');
INSERT INTO EMPLEADO (TIPODOC, NROEMP, NOMBRE, FINGRESO) VALUES ('DNI',73441918, 'EMPLEADO 17', '26/12/2019');
INSERT INTO EMPLEADO (TIPODOC, NROEMP, NOMBRE, FINGRESO) VALUES ('CI',71706525, 'EMPLEADO 18', '04/10/2019');
INSERT INTO EMPLEADO (TIPODOC, NROEMP, NOMBRE, FINGRESO) VALUES ('DNI',78099663, 'EMPLEADO 19', '15/09/2019');
INSERT INTO EMPLEADO (TIPODOC, NROEMP, NOMBRE, FINGRESO) VALUES ('CI',52430980, 'EMPLEADO 20', '10/07/2019');
INSERT INTO EMPLEADO (TIPODOC, NROEMP, NOMBRE, FINGRESO) VALUES ('CPF',86366547, 'EMPLEADO 21', '05/07/2019');
INSERT INTO EMPLEADO (TIPODOC, NROEMP, NOMBRE, FINGRESO) VALUES ('DNI',36018932, 'EMPLEADO 22', '25/04/2019');
INSERT INTO EMPLEADO (TIPODOC, NROEMP, NOMBRE, FINGRESO) VALUES ('DNI',26061963, 'EMPLEADO 23', '02/03/2019');
INSERT INTO EMPLEADO (TIPODOC, NROEMP, NOMBRE, FINGRESO) VALUES ('DNI',74292411, 'EMPLEADO 24', '09/03/2019');
INSERT INTO EMPLEADO (TIPODOC, NROEMP, NOMBRE, FINGRESO) VALUES ('CI',40374342, 'EMPLEADO 25', '26/09/2019');
INSERT INTO EMPLEADO (TIPODOC, NROEMP, NOMBRE, FINGRESO) VALUES ('CPF',59978920, 'EMPLEADO 26', '21/06/2019');
INSERT INTO EMPLEADO (TIPODOC, NROEMP, NOMBRE, FINGRESO) VALUES ('CI',16094773, 'EMPLEADO 27', '27/03/2019');
INSERT INTO EMPLEADO (TIPODOC, NROEMP, NOMBRE, FINGRESO) VALUES ('DNI',38550355, 'EMPLEADO 28', '31/01/2019');
INSERT INTO EMPLEADO (TIPODOC, NROEMP, NOMBRE, FINGRESO) VALUES ('CI',29391591, 'EMPLEADO 29', '08/01/2019');
INSERT INTO EMPLEADO (TIPODOC, NROEMP, NOMBRE, FINGRESO) VALUES ('CI',90533826, 'EMPLEADO 30', '27/05/2019');
INSERT INTO EMPLEADO (TIPODOC, NROEMP, NOMBRE, FINGRESO) VALUES ('CPF',72560229, 'EMPLEADO 31', '27/09/2019');
INSERT INTO EMPLEADO (TIPODOC, NROEMP, NOMBRE, FINGRESO) VALUES ('CPF',49571179, 'EMPLEADO 32', '06/06/2019');
INSERT INTO EMPLEADO (TIPODOC, NROEMP, NOMBRE, FINGRESO) VALUES ('CI',89654544, 'EMPLEADO 33', '20/11/2019');
INSERT INTO EMPLEADO (TIPODOC, NROEMP, NOMBRE, FINGRESO) VALUES ('DNI',39338189, 'EMPLEADO 34', '01/08/2019');
INSERT INTO EMPLEADO (TIPODOC, NROEMP, NOMBRE, FINGRESO) VALUES ('DNI',10993103, 'EMPLEADO 35', '16/01/2019');
INSERT INTO EMPLEADO (TIPODOC, NROEMP, NOMBRE, FINGRESO) VALUES ('CI',35438415, 'EMPLEADO 36', '29/03/2019');
INSERT INTO EMPLEADO (TIPODOC, NROEMP, NOMBRE, FINGRESO) VALUES ('DNI',88363860, 'EMPLEADO 37', '28/10/2019');
INSERT INTO EMPLEADO (TIPODOC, NROEMP, NOMBRE, FINGRESO) VALUES ('CI',19913560, 'EMPLEADO 38', '15/10/2019');
INSERT INTO EMPLEADO (TIPODOC, NROEMP, NOMBRE, FINGRESO) VALUES ('CPF',26134402, 'EMPLEADO 39', '24/01/2019');
INSERT INTO EMPLEADO (TIPODOC, NROEMP, NOMBRE, FINGRESO) VALUES ('CPF',17038926, 'EMPLEADO 40', '08/03/2019');
INSERT INTO EMPLEADO (TIPODOC, NROEMP, NOMBRE, FINGRESO) VALUES ('CI',75198332, 'EMPLEADO 41', '14/11/2019');
INSERT INTO EMPLEADO (TIPODOC, NROEMP, NOMBRE, FINGRESO) VALUES ('CI',65167105, 'EMPLEADO 42', '26/02/2019');
INSERT INTO EMPLEADO (TIPODOC, NROEMP, NOMBRE, FINGRESO) VALUES ('CPF',49450996, 'EMPLEADO 43', '23/03/2019');
INSERT INTO EMPLEADO (TIPODOC, NROEMP, NOMBRE, FINGRESO) VALUES ('CPF',80693222, 'EMPLEADO 44', '17/11/2019');
INSERT INTO EMPLEADO (TIPODOC, NROEMP, NOMBRE, FINGRESO) VALUES ('DNI',90579386, 'EMPLEADO 45', '29/01/2019');
INSERT INTO EMPLEADO (TIPODOC, NROEMP, NOMBRE, FINGRESO) VALUES ('DNI',94061314, 'EMPLEADO 46', '07/08/2019');
INSERT INTO EMPLEADO (TIPODOC, NROEMP, NOMBRE, FINGRESO) VALUES ('DNI',97319538, 'EMPLEADO 47', '01/02/2019');
INSERT INTO EMPLEADO (TIPODOC, NROEMP, NOMBRE, FINGRESO) VALUES ('CI',83602502, 'EMPLEADO 48', '02/01/2019');
INSERT INTO EMPLEADO (TIPODOC, NROEMP, NOMBRE, FINGRESO) VALUES ('DNI',30627417, 'EMPLEADO 49', '15/11/2019');
INSERT INTO EMPLEADO (TIPODOC, NROEMP, NOMBRE, FINGRESO) VALUES ('CI',17230487, 'EMPLEADO 50', '08/07/2019');
INSERT INTO EMPLEADO (TIPODOC, NROEMP, NOMBRE, FINGRESO) VALUES ('CPF',53081330, 'EMPLEADO 51', '10/08/2019');
INSERT INTO EMPLEADO (TIPODOC, NROEMP, NOMBRE, FINGRESO) VALUES ('CI',18322784, 'EMPLEADO 52', '08/12/2019');
INSERT INTO EMPLEADO (TIPODOC, NROEMP, NOMBRE, FINGRESO) VALUES ('CI',76873850, 'EMPLEADO 53', '13/06/2019');
INSERT INTO EMPLEADO (TIPODOC, NROEMP, NOMBRE, FINGRESO) VALUES ('DNI',41859660, 'EMPLEADO 54', '25/01/2019');
INSERT INTO EMPLEADO (TIPODOC, NROEMP, NOMBRE, FINGRESO) VALUES ('DNI',35640147, 'EMPLEADO 55', '06/10/2019');
INSERT INTO EMPLEADO (TIPODOC, NROEMP, NOMBRE, FINGRESO) VALUES ('CI',29766033, 'EMPLEADO 56', '17/01/2019');
INSERT INTO EMPLEADO (TIPODOC, NROEMP, NOMBRE, FINGRESO) VALUES ('CPF',94021057, 'EMPLEADO 57', '24/02/2019');
INSERT INTO EMPLEADO (TIPODOC, NROEMP, NOMBRE, FINGRESO) VALUES ('DNI',43904277, 'EMPLEADO 58', '23/11/2019');
INSERT INTO EMPLEADO (TIPODOC, NROEMP, NOMBRE, FINGRESO) VALUES ('DNI',91971411, 'EMPLEADO 59', '14/12/2019');
INSERT INTO EMPLEADO (TIPODOC, NROEMP, NOMBRE, FINGRESO) VALUES ('CI',73859412, 'EMPLEADO 60', '10/09/2019');
INSERT INTO EMPLEADO (TIPODOC, NROEMP, NOMBRE, FINGRESO) VALUES ('CI',30439592, 'EMPLEADO 61', '30/11/2019');
INSERT INTO EMPLEADO (TIPODOC, NROEMP, NOMBRE, FINGRESO) VALUES ('CI',45097144, 'EMPLEADO 62', '16/11/2019');
INSERT INTO EMPLEADO (TIPODOC, NROEMP, NOMBRE, FINGRESO) VALUES ('CI',81287152, 'EMPLEADO 63', '21/08/2019');
INSERT INTO EMPLEADO (TIPODOC, NROEMP, NOMBRE, FINGRESO) VALUES ('CPF',58749896, 'EMPLEADO 64', '15/04/2019');
INSERT INTO EMPLEADO (TIPODOC, NROEMP, NOMBRE, FINGRESO) VALUES ('CI',50263608, 'EMPLEADO 65', '03/04/2019');
INSERT INTO EMPLEADO (TIPODOC, NROEMP, NOMBRE, FINGRESO) VALUES ('CI',77428061, 'EMPLEADO 66', '14/01/2019');
INSERT INTO EMPLEADO (TIPODOC, NROEMP, NOMBRE, FINGRESO) VALUES ('DNI',62234445, 'EMPLEADO 67', '01/03/2019');
INSERT INTO EMPLEADO (TIPODOC, NROEMP, NOMBRE, FINGRESO) VALUES ('DNI',95817165, 'EMPLEADO 68', '16/06/2019');
INSERT INTO EMPLEADO (TIPODOC, NROEMP, NOMBRE, FINGRESO) VALUES ('CPF',82140612, 'EMPLEADO 69', '22/05/2019');
INSERT INTO EMPLEADO (TIPODOC, NROEMP, NOMBRE, FINGRESO) VALUES ('CPF',55953765, 'EMPLEADO 70', '19/10/2019');
INSERT INTO EMPLEADO (TIPODOC, NROEMP, NOMBRE, FINGRESO) VALUES ('CPF',46888695, 'EMPLEADO 71', '20/12/2019');
INSERT INTO EMPLEADO (TIPODOC, NROEMP, NOMBRE, FINGRESO) VALUES ('CPF',18726917, 'EMPLEADO 72', '28/09/2019');
INSERT INTO EMPLEADO (TIPODOC, NROEMP, NOMBRE, FINGRESO) VALUES ('CI',94824963, 'EMPLEADO 73', '29/01/2019');
INSERT INTO EMPLEADO (TIPODOC, NROEMP, NOMBRE, FINGRESO) VALUES ('CPF',48814293, 'EMPLEADO 74', '05/10/2019');
INSERT INTO EMPLEADO (TIPODOC, NROEMP, NOMBRE, FINGRESO) VALUES ('DNI',15090517, 'EMPLEADO 75', '19/05/2019');
INSERT INTO EMPLEADO (TIPODOC, NROEMP, NOMBRE, FINGRESO) VALUES ('CPF',10212294, 'EMPLEADO 76', '15/02/2019');
INSERT INTO EMPLEADO (TIPODOC, NROEMP, NOMBRE, FINGRESO) VALUES ('CI',31422410, 'EMPLEADO 77', '28/06/2019');
INSERT INTO EMPLEADO (TIPODOC, NROEMP, NOMBRE, FINGRESO) VALUES ('DNI',79465399, 'EMPLEADO 78', '30/08/2019');
INSERT INTO EMPLEADO (TIPODOC, NROEMP, NOMBRE, FINGRESO) VALUES ('DNI',17725234, 'EMPLEADO 79', '11/01/2019');
INSERT INTO EMPLEADO (TIPODOC, NROEMP, NOMBRE, FINGRESO) VALUES ('DNI',45560396, 'EMPLEADO 80', '24/11/2019');
INSERT INTO EMPLEADO (TIPODOC, NROEMP, NOMBRE, FINGRESO) VALUES ('CI',50725295, 'EMPLEADO 81', '15/03/2019');
INSERT INTO EMPLEADO (TIPODOC, NROEMP, NOMBRE, FINGRESO) VALUES ('CPF',90508407, 'EMPLEADO 82', '21/08/2019');
INSERT INTO EMPLEADO (TIPODOC, NROEMP, NOMBRE, FINGRESO) VALUES ('DNI',65268055, 'EMPLEADO 83', '22/05/2019');
INSERT INTO EMPLEADO (TIPODOC, NROEMP, NOMBRE, FINGRESO) VALUES ('DNI',33095187, 'EMPLEADO 84', '07/03/2019');
INSERT INTO EMPLEADO (TIPODOC, NROEMP, NOMBRE, FINGRESO) VALUES ('CI',44318114, 'EMPLEADO 85', '20/08/2019');
INSERT INTO EMPLEADO (TIPODOC, NROEMP, NOMBRE, FINGRESO) VALUES ('CPF',48562202, 'EMPLEADO 86', '14/12/2019');
INSERT INTO EMPLEADO (TIPODOC, NROEMP, NOMBRE, FINGRESO) VALUES ('CPF',41261502, 'EMPLEADO 87', '15/01/2019');
INSERT INTO EMPLEADO (TIPODOC, NROEMP, NOMBRE, FINGRESO) VALUES ('CI',71152856, 'EMPLEADO 88', '13/04/2019');
INSERT INTO EMPLEADO (TIPODOC, NROEMP, NOMBRE, FINGRESO) VALUES ('CPF',80435247, 'EMPLEADO 89', '30/06/2019');
INSERT INTO EMPLEADO (TIPODOC, NROEMP, NOMBRE, FINGRESO) VALUES ('CI',70561500, 'EMPLEADO 90', '29/06/2019');
INSERT INTO EMPLEADO (TIPODOC, NROEMP, NOMBRE, FINGRESO) VALUES ('CPF',66345852, 'EMPLEADO 91', '24/05/2019');
INSERT INTO EMPLEADO (TIPODOC, NROEMP, NOMBRE, FINGRESO) VALUES ('DNI',11163168, 'EMPLEADO 92', '29/04/2019');
INSERT INTO EMPLEADO (TIPODOC, NROEMP, NOMBRE, FINGRESO) VALUES ('CPF',42773633, 'EMPLEADO 93', '02/09/2019');
INSERT INTO EMPLEADO (TIPODOC, NROEMP, NOMBRE, FINGRESO) VALUES ('CI',76300615, 'EMPLEADO 94', '05/04/2019');
INSERT INTO EMPLEADO (TIPODOC, NROEMP, NOMBRE, FINGRESO) VALUES ('DNI',75894433, 'EMPLEADO 95', '14/08/2019');
INSERT INTO EMPLEADO (TIPODOC, NROEMP, NOMBRE, FINGRESO) VALUES ('DNI',69407370, 'EMPLEADO 96', '14/03/2019');
INSERT INTO EMPLEADO (TIPODOC, NROEMP, NOMBRE, FINGRESO) VALUES ('CPF',75999464, 'EMPLEADO 97', '07/06/2019');
INSERT INTO EMPLEADO (TIPODOC, NROEMP, NOMBRE, FINGRESO) VALUES ('DNI',26843673, 'EMPLEADO 98', '28/01/2019');
INSERT INTO EMPLEADO (TIPODOC, NROEMP, NOMBRE, FINGRESO) VALUES ('DNI',23056985, 'EMPLEADO 99', '27/03/2019');
INSERT INTO EMPLEADO (TIPODOC, NROEMP, NOMBRE, FINGRESO) VALUES ('CI',64660330, 'EMPLEADO 100', '26/07/2019');
INSERT INTO MESA (NROMESA, SECTOR) VALUES (1, 'Interior');
INSERT INTO MESA (NROMESA, SECTOR) VALUES (2, 'Interior');
INSERT INTO MESA (NROMESA, SECTOR) VALUES (3, 'Interior');
INSERT INTO MESA (NROMESA, SECTOR) VALUES (4, 'Interior');
INSERT INTO MESA (NROMESA, SECTOR) VALUES (5, 'Interior');
INSERT INTO MESA (NROMESA, SECTOR) VALUES (6, 'Interior');
INSERT INTO MESA (NROMESA, SECTOR) VALUES (7, 'Interior');
INSERT INTO MESA (NROMESA, SECTOR) VALUES (8, 'Interior');
INSERT INTO MESA (NROMESA, SECTOR) VALUES (9, 'Interior');
INSERT INTO MESA (NROMESA, SECTOR) VALUES (10, 'Interior');
INSERT INTO MESA (NROMESA, SECTOR) VALUES (11, 'Interior');
INSERT INTO MESA (NROMESA, SECTOR) VALUES (12, 'Interior');
INSERT INTO MESA (NROMESA, SECTOR) VALUES (13, 'Interior');
INSERT INTO MESA (NROMESA, SECTOR) VALUES (14, 'Interior');
INSERT INTO MESA (NROMESA, SECTOR) VALUES (15, 'Aire Libre');
INSERT INTO MESA (NROMESA, SECTOR) VALUES (16, 'Aire Libre');
INSERT INTO MESA (NROMESA, SECTOR) VALUES (17, 'Aire Libre');
INSERT INTO MESA (NROMESA, SECTOR) VALUES (18, 'Aire Libre');
INSERT INTO MESA (NROMESA, SECTOR) VALUES (19, 'Aire Libre');
INSERT INTO MESA (NROMESA, SECTOR) VALUES (20, 'Aire Libre');
INSERT INTO MESA (NROMESA, SECTOR) VALUES (21, 'Aire Libre');
INSERT INTO MESA (NROMESA, SECTOR) VALUES (22, 'Aire Libre');
INSERT INTO MESA (NROMESA, SECTOR) VALUES (23, 'Aire Libre');
INSERT INTO MESA (NROMESA, SECTOR) VALUES (24, 'Aire Libre');
INSERT INTO MESA (NROMESA, SECTOR) VALUES (25, 'Aire Libre');
INSERT INTO MESA (NROMESA, SECTOR) VALUES (26, 'Aire Libre');
INSERT INTO MESA (NROMESA, SECTOR) VALUES (27, 'Aire Libre');
INSERT INTO MESA (NROMESA, SECTOR) VALUES (28, 'Aire Libre');
INSERT INTO MESA (NROMESA, SECTOR) VALUES (29, 'Aire Libre');
INSERT INTO MESA (NROMESA, SECTOR) VALUES (30, 'Aire Libre');
INSERT INTO MENU (CODMENU, NOMBRE, DESCRIPCION, TIPODOC, NROEMP) VALUES (1, 'Menu 1', 'ntqsndxbmmrzaueesyid', 'CPF', 90508407);
INSERT INTO MENU (CODMENU, NOMBRE, DESCRIPCION, TIPODOC, NROEMP) VALUES (2, 'Menu 2', 'zgyrosnekeloihtatdyt', 'DNI', 97319538);
INSERT INTO MENU (CODMENU, NOMBRE, DESCRIPCION, TIPODOC, NROEMP) VALUES (3, 'Menu 3', 'wdwimubozzvoaqyllolz', 'CPF', 46888695);
INSERT INTO MENU (CODMENU, NOMBRE, DESCRIPCION, TIPODOC, NROEMP) VALUES (4, 'Menu 4', 'qkxgsmycqoxgiubeuixz', 'CI', 73952780);
INSERT INTO MENU (CODMENU, NOMBRE, DESCRIPCION, TIPODOC, NROEMP) VALUES (5, 'Menu 5', 'cqdfidsclyrxzezsfwrn', 'CPF', 94021057);
INSERT INTO MENU (CODMENU, NOMBRE, DESCRIPCION, TIPODOC, NROEMP) VALUES (6, 'Menu 6', 'bjmknkhmmbyfpaendnii', 'DNI', 35640147);
INSERT INTO MENU (CODMENU, NOMBRE, DESCRIPCION, TIPODOC, NROEMP) VALUES (7, 'Menu 7', 'qvtljpgahhfwjyfccifq', 'DNI', 33095187);
INSERT INTO MENU (CODMENU, NOMBRE, DESCRIPCION, TIPODOC, NROEMP) VALUES (8, 'Menu 8', 'xwmwricmkhdsmxulzwts', 'DNI', 90178884);
INSERT INTO MENU (CODMENU, NOMBRE, DESCRIPCION, TIPODOC, NROEMP) VALUES (9, 'Menu 9', 'ttnsuxphgcselhywrxdf', 'CI', 29766033);
INSERT INTO MENU (CODMENU, NOMBRE, DESCRIPCION, TIPODOC, NROEMP) VALUES (10, 'Menu 10', 'yscykfokjslqhseufqlv', 'CPF', 10212294);
INSERT INTO MENU (CODMENU, NOMBRE, DESCRIPCION, TIPODOC, NROEMP) VALUES (11, 'Menu 11', 'wodiseskrczgybzhdlum', 'DNI', 22568771);
INSERT INTO MENU (CODMENU, NOMBRE, DESCRIPCION, TIPODOC, NROEMP) VALUES (12, 'Menu 12', 'ldhtunbrqrzlgiacbhqa', 'CI', 29766033);
INSERT INTO MENU (CODMENU, NOMBRE, DESCRIPCION, TIPODOC, NROEMP) VALUES (13, 'Menu 13', 'ueuaizzdmboyfsllmdgh', 'DNI', 22568771);
INSERT INTO MENU (CODMENU, NOMBRE, DESCRIPCION, TIPODOC, NROEMP) VALUES (14, 'Menu 14', 'tgzjobrzjqxadwjupdeb', 'DNI', 90579386);
INSERT INTO MENU (CODMENU, NOMBRE, DESCRIPCION, TIPODOC, NROEMP) VALUES (15, 'Menu 15', 'pzzzwyndlnetwoidzpbe', 'CPF', 12492680);
INSERT INTO MENU (CODMENU, NOMBRE, DESCRIPCION, TIPODOC, NROEMP) VALUES (16, 'Menu 16', 'qvqkwoyptocngxzykzmy', 'CI', 17230487);
INSERT INTO MENU (CODMENU, NOMBRE, DESCRIPCION, TIPODOC, NROEMP) VALUES (17, 'Menu 17', 'wnslvsvecypolihjzaef', 'CI', 21315321);
INSERT INTO MENU (CODMENU, NOMBRE, DESCRIPCION, TIPODOC, NROEMP) VALUES (18, 'Menu 18', 'aptnnalgmlayhhvyjhaa', 'CI', 34831520);
INSERT INTO MENU (CODMENU, NOMBRE, DESCRIPCION, TIPODOC, NROEMP) VALUES (19, 'Menu 19', 'ffeltjffqfesqlsmvtoc', 'CI', 35438415);
INSERT INTO MENU (CODMENU, NOMBRE, DESCRIPCION, TIPODOC, NROEMP) VALUES (20, 'Menu 20', 'cxfgpwhakngrmyyqnrox', 'CPF', 12492680);
INSERT INTO MENU (CODMENU, NOMBRE, DESCRIPCION, TIPODOC, NROEMP) VALUES (21, 'Menu 21', 'qdtqwdjnshvxbzjxucbe', 'CI', 31422410);
INSERT INTO MENU (CODMENU, NOMBRE, DESCRIPCION, TIPODOC, NROEMP) VALUES (22, 'Menu 22', 'pwtobbzuthmtbcfziose', 'CI', 50725295);
INSERT INTO MENU (CODMENU, NOMBRE, DESCRIPCION, TIPODOC, NROEMP) VALUES (23, 'Menu 23', 'wezcrvzntwatuwzxowba', 'CI', 29391591);
INSERT INTO MENU (CODMENU, NOMBRE, DESCRIPCION, TIPODOC, NROEMP) VALUES (24, 'Menu 24', 'iqkmfgmsmlblbyfklrin', 'DNI', 35640147);
INSERT INTO MENU (CODMENU, NOMBRE, DESCRIPCION, TIPODOC, NROEMP) VALUES (25, 'Menu 25', 'sxdvifuiucnnbpjpuuov', 'CPF', 86366547);
INSERT INTO MENU (CODMENU, NOMBRE, DESCRIPCION, TIPODOC, NROEMP) VALUES (26, 'Menu 26', 'gxepptmvetgztyqhgtwc', 'CPF', 66345852);
INSERT INTO MENU (CODMENU, NOMBRE, DESCRIPCION, TIPODOC, NROEMP) VALUES (27, 'Menu 27', 'ukjnzyqstplsgktuodmx', 'DNI', 88363860);
INSERT INTO MENU (CODMENU, NOMBRE, DESCRIPCION, TIPODOC, NROEMP) VALUES (28, 'Menu 28', 'peufswnsdvabdeoyupdz', 'DNI', 26126235);
INSERT INTO MENU (CODMENU, NOMBRE, DESCRIPCION, TIPODOC, NROEMP) VALUES (29, 'Menu 29', 'josljdylcwieipsijskq', 'CI', 71152856);
INSERT INTO MENU (CODMENU, NOMBRE, DESCRIPCION, TIPODOC, NROEMP) VALUES (30, 'Menu 30', 'ptmbadugwvcdcftdiljp', 'CPF', 10212294);
INSERT INTO MENU (CODMENU, NOMBRE, DESCRIPCION, TIPODOC, NROEMP) VALUES (31, 'Menu 31', 'jyhqbehotlpexrrghatt', 'DNI', 90178884);
INSERT INTO MENU (CODMENU, NOMBRE, DESCRIPCION, TIPODOC, NROEMP) VALUES (32, 'Menu 32', 'ihrotcemyytriwdooxld', 'CPF', 80435247);
INSERT INTO MENU (CODMENU, NOMBRE, DESCRIPCION, TIPODOC, NROEMP) VALUES (33, 'Menu 33', 'nlnnsduxgtfkopygsahg', 'CI', 76300615);
INSERT INTO MENU (CODMENU, NOMBRE, DESCRIPCION, TIPODOC, NROEMP) VALUES (34, 'Menu 34', 'lyqltaktcdhvbhxkwali', 'DNI', 26126235);
INSERT INTO MENU (CODMENU, NOMBRE, DESCRIPCION, TIPODOC, NROEMP) VALUES (35, 'Menu 35', 'dwzttewvsffnsjmdivmp', 'CI', 76300615);
INSERT INTO MENU (CODMENU, NOMBRE, DESCRIPCION, TIPODOC, NROEMP) VALUES (36, 'Menu 36', 'amaflsgylqsdviqnzugw', 'DNI', 69407370);
INSERT INTO MENU (CODMENU, NOMBRE, DESCRIPCION, TIPODOC, NROEMP) VALUES (37, 'Menu 37', 'fspauhxdsrvplodxzqmw', 'CI', 29391591);
INSERT INTO MENU (CODMENU, NOMBRE, DESCRIPCION, TIPODOC, NROEMP) VALUES (38, 'Menu 38', 'opncgxyeoneorcnbexzp', 'CI', 57646564);
INSERT INTO MENU (CODMENU, NOMBRE, DESCRIPCION, TIPODOC, NROEMP) VALUES (39, 'Menu 39', 'iyjlymxslmyjyuzounfa', 'CI', 83602502);
INSERT INTO MENU (CODMENU, NOMBRE, DESCRIPCION, TIPODOC, NROEMP) VALUES (40, 'Menu 40', 'itenbgyoudhgaumchuff', 'CI', 73952780);
INSERT INTO MENU (CODMENU, NOMBRE, DESCRIPCION, TIPODOC, NROEMP) VALUES (41, 'Menu 41', 'sxsaxlmhhnsgzawuxuvm', 'DNI', 44572056);
INSERT INTO MENU (CODMENU, NOMBRE, DESCRIPCION, TIPODOC, NROEMP) VALUES (42, 'Menu 42', 'fanjleygvudtmawsejmu', 'CI', 50263608);
INSERT INTO MENU (CODMENU, NOMBRE, DESCRIPCION, TIPODOC, NROEMP) VALUES (43, 'Menu 43', 'nrmfmygtcyxkclctwupg', 'CI', 76300615);
INSERT INTO MENU (CODMENU, NOMBRE, DESCRIPCION, TIPODOC, NROEMP) VALUES (44, 'Menu 44', 'cxdosbhtngjjcqkvxslj', 'DNI', 39338189);
INSERT INTO MENU (CODMENU, NOMBRE, DESCRIPCION, TIPODOC, NROEMP) VALUES (45, 'Menu 45', 'zwvfstymbfxsagaobefa', 'CI', 75198332);
INSERT INTO MENU (CODMENU, NOMBRE, DESCRIPCION, TIPODOC, NROEMP) VALUES (46, 'Menu 46', 'ieapsthkazlyfrcnpgeb', 'DNI', 45560396);
INSERT INTO MENU (CODMENU, NOMBRE, DESCRIPCION, TIPODOC, NROEMP) VALUES (47, 'Menu 47', 'qmqrwvnxzcbsxmmqgtlm', 'CI', 34831520);
INSERT INTO MENU (CODMENU, NOMBRE, DESCRIPCION, TIPODOC, NROEMP) VALUES (48, 'Menu 48', 'yokkfayaajabymoyxtjg', 'CI', 93852017);
INSERT INTO MENU (CODMENU, NOMBRE, DESCRIPCION, TIPODOC, NROEMP) VALUES (49, 'Menu 49', 'izliaorexywvtlrcqlez', 'DNI', 90579386);
INSERT INTO MENU (CODMENU, NOMBRE, DESCRIPCION, TIPODOC, NROEMP) VALUES (50, 'Menu 50', 'bbwadavzuldgubcaapso', 'DNI', 26843673);
INSERT INTO TARJETA (NROTARJ, NOMTARJ, TIPO) VALUES (18290223, 'Visa', 'Debito');
INSERT INTO TARJETA (NROTARJ, NOMTARJ, TIPO) VALUES (18273040, 'Visa', 'Credito');
INSERT INTO TARJETA (NROTARJ, NOMTARJ, TIPO) VALUES (21028266, 'Visa', 'Credito');
INSERT INTO TARJETA (NROTARJ, NOMTARJ, TIPO) VALUES (82926246, 'Master card', 'Debito');
INSERT INTO TARJETA (NROTARJ, NOMTARJ, TIPO) VALUES (10869857, 'Visa', 'Debito');
INSERT INTO TARJETA (NROTARJ, NOMTARJ, TIPO) VALUES (47189047, 'Master card', 'Credito');
INSERT INTO TARJETA (NROTARJ, NOMTARJ, TIPO) VALUES (29884268, 'Master card', 'Debito');
INSERT INTO TARJETA (NROTARJ, NOMTARJ, TIPO) VALUES (64276223, 'Master card', 'Credito');
INSERT INTO TARJETA (NROTARJ, NOMTARJ, TIPO) VALUES (61387754, 'Visa', 'Debito');
INSERT INTO TARJETA (NROTARJ, NOMTARJ, TIPO) VALUES (93149091, 'Master card', 'Credito');
INSERT INTO TARJETA (NROTARJ, NOMTARJ, TIPO) VALUES (48410878, 'Visa', 'Credito');
INSERT INTO TARJETA (NROTARJ, NOMTARJ, TIPO) VALUES (48326534, 'Visa', 'Credito');
INSERT INTO TARJETA (NROTARJ, NOMTARJ, TIPO) VALUES (67744949, 'Visa', 'Credito');
INSERT INTO TARJETA (NROTARJ, NOMTARJ, TIPO) VALUES (77656913, 'Visa', 'Debito');
INSERT INTO TARJETA (NROTARJ, NOMTARJ, TIPO) VALUES (45387446, 'Visa', 'Debito');
INSERT INTO TARJETA (NROTARJ, NOMTARJ, TIPO) VALUES (66091938, 'Visa', 'Debito');
INSERT INTO TARJETA (NROTARJ, NOMTARJ, TIPO) VALUES (84407838, 'Master card', 'Debito');
INSERT INTO TARJETA (NROTARJ, NOMTARJ, TIPO) VALUES (23949092, 'Master card', 'Debito');
INSERT INTO TARJETA (NROTARJ, NOMTARJ, TIPO) VALUES (43120928, 'Visa', 'Debito');
INSERT INTO TARJETA (NROTARJ, NOMTARJ, TIPO) VALUES (51089825, 'Master card', 'Debito');
INSERT INTO TARJETA (NROTARJ, NOMTARJ, TIPO) VALUES (17959753, 'Visa', 'Debito');
INSERT INTO TARJETA (NROTARJ, NOMTARJ, TIPO) VALUES (44800791, 'Master card', 'Debito');
INSERT INTO TARJETA (NROTARJ, NOMTARJ, TIPO) VALUES (23747454, 'Visa', 'Credito');
INSERT INTO TARJETA (NROTARJ, NOMTARJ, TIPO) VALUES (23476548, 'Master card', 'Debito');
INSERT INTO TARJETA (NROTARJ, NOMTARJ, TIPO) VALUES (84383949, 'Visa', 'Debito');
INSERT INTO TARJETA (NROTARJ, NOMTARJ, TIPO) VALUES (55111814, 'Master card', 'Debito');
INSERT INTO TARJETA (NROTARJ, NOMTARJ, TIPO) VALUES (18153652, 'Master card', 'Credito');
INSERT INTO TARJETA (NROTARJ, NOMTARJ, TIPO) VALUES (47840005, 'Master card', 'Credito');
INSERT INTO TARJETA (NROTARJ, NOMTARJ, TIPO) VALUES (70075604, 'Visa', 'Debito');
INSERT INTO TARJETA (NROTARJ, NOMTARJ, TIPO) VALUES (23878766, 'Visa', 'Credito');
INSERT INTO EMPLEADOMESA (TIPODOC, NROEMP, NROMESA) VALUES ('CI', 29766033, 6);
INSERT INTO EMPLEADOMESA (TIPODOC, NROEMP, NROMESA) VALUES ('CI', 30439592, 25);
INSERT INTO EMPLEADOMESA (TIPODOC, NROEMP, NROMESA) VALUES ('CI', 34831520, 18);
INSERT INTO EMPLEADOMESA (TIPODOC, NROEMP, NROMESA) VALUES ('CI', 45097144, 22);
INSERT INTO EMPLEADOMESA (TIPODOC, NROEMP, NROMESA) VALUES ('CI', 57646564, 11);
INSERT INTO EMPLEADOMESA (TIPODOC, NROEMP, NROMESA) VALUES ('CI', 65167105, 7);
INSERT INTO EMPLEADOMESA (TIPODOC, NROEMP, NROMESA) VALUES ('CI', 71706525, 10);
INSERT INTO EMPLEADOMESA (TIPODOC, NROEMP, NROMESA) VALUES ('CI', 90533826, 3);
INSERT INTO EMPLEADOMESA (TIPODOC, NROEMP, NROMESA) VALUES ('CPF', 14142650, 12);
INSERT INTO EMPLEADOMESA (TIPODOC, NROEMP, NROMESA) VALUES ('CPF', 18726917, 29);
INSERT INTO EMPLEADOMESA (TIPODOC, NROEMP, NROMESA) VALUES ('CPF', 49571179, 17);
INSERT INTO EMPLEADOMESA (TIPODOC, NROEMP, NROMESA) VALUES ('CPF', 58749896, 8);
INSERT INTO EMPLEADOMESA (TIPODOC, NROEMP, NROMESA) VALUES ('CPF', 75999464, 19);
INSERT INTO EMPLEADOMESA (TIPODOC, NROEMP, NROMESA) VALUES ('CPF', 80435247, 15);
INSERT INTO EMPLEADOMESA (TIPODOC, NROEMP, NROMESA) VALUES ('CPF', 82140612, 20);
INSERT INTO EMPLEADOMESA (TIPODOC, NROEMP, NROMESA) VALUES ('CPF', 86366547, 27);
INSERT INTO EMPLEADOMESA (TIPODOC, NROEMP, NROMESA) VALUES ('DNI', 10993103, 1);
INSERT INTO EMPLEADOMESA (TIPODOC, NROEMP, NROMESA) VALUES ('DNI', 10993103, 14);
INSERT INTO EMPLEADOMESA (TIPODOC, NROEMP, NROMESA) VALUES ('DNI', 10993103, 16);
INSERT INTO EMPLEADOMESA (TIPODOC, NROEMP, NROMESA) VALUES ('DNI', 15090517, 24);
INSERT INTO EMPLEADOMESA (TIPODOC, NROEMP, NROMESA) VALUES ('DNI', 26126235, 13);
INSERT INTO EMPLEADOMESA (TIPODOC, NROEMP, NROMESA) VALUES ('DNI', 33095187, 2);
INSERT INTO EMPLEADOMESA (TIPODOC, NROEMP, NROMESA) VALUES ('DNI', 35640147, 28);
INSERT INTO EMPLEADOMESA (TIPODOC, NROEMP, NROMESA) VALUES ('DNI', 45560396, 30);
INSERT INTO EMPLEADOMESA (TIPODOC, NROEMP, NROMESA) VALUES ('DNI', 75894433, 26);
INSERT INTO EMPLEADOMESA (TIPODOC, NROEMP, NROMESA) VALUES ('DNI', 78099663, 9);
INSERT INTO EMPLEADOMESA (TIPODOC, NROEMP, NROMESA) VALUES ('DNI', 90579386, 5);
INSERT INTO EMPLEADOMESA (TIPODOC, NROEMP, NROMESA) VALUES ('DNI', 95817165, 21);
INSERT INTO EMPLEADOMESA (TIPODOC, NROEMP, NROMESA) VALUES ('DNI', 95817165, 23);
INSERT INTO EMPLEADOMESA (TIPODOC, NROEMP, NROMESA) VALUES ('DNI', 97319538, 4);
INSERT INTO PEDIDO (NOMTARJ, FECHA, CODMENU, MONTOPED, TIPO, TIPODOC, NROEMP) VALUES ('17959753', '26/03/2019', 43, 2996, 'TakeAway', 'DNI', 10993103);
INSERT INTO PEDIDO (NOMTARJ, FECHA, CODMENU, MONTOPED, TIPO, TIPODOC, NROEMP) VALUES ('17959753', '26/09/2019', 1, 2971, 'TakeAway', 'DNI', 10993103);
INSERT INTO PEDIDO (NOMTARJ, FECHA, CODMENU, MONTOPED, TIPO, TIPODOC, NROEMP) VALUES ('17959753', '16/06/2019', 41, 1336, 'Local', 'DNI', 10993103);
INSERT INTO PEDIDO (NOMTARJ, FECHA, CODMENU, MONTOPED, TIPO, TIPODOC, NROEMP) VALUES ('17959753', '18/10/2019', 4, 2128, 'TakeAway', 'DNI', 10993103);
INSERT INTO PEDIDO (NOMTARJ, FECHA, CODMENU, MONTOPED, TIPO, TIPODOC, NROEMP) VALUES ('84383949', '09/07/2019', 46, 704, 'Local', 'DNI', 33095187);
INSERT INTO PEDIDO (NOMTARJ, FECHA, CODMENU, MONTOPED, TIPO, TIPODOC, NROEMP) VALUES ('84383949', '05/08/2019', 21, 815, 'TakeAway', 'DNI', 33095187);
INSERT INTO PEDIDO (NOMTARJ, FECHA, CODMENU, MONTOPED, TIPO, TIPODOC, NROEMP) VALUES ('84383949', '25/05/2019', 13, 775, 'Local', 'DNI', 33095187);
INSERT INTO PEDIDO (NOMTARJ, FECHA, CODMENU, MONTOPED, TIPO, TIPODOC, NROEMP) VALUES ('84383949', '21/09/2019', 16, 2071, 'Local', 'DNI', 33095187);
INSERT INTO PEDIDO (NOMTARJ, FECHA, CODMENU, MONTOPED, TIPO, TIPODOC, NROEMP) VALUES ('47840005', '13/05/2019', 5, 2851, 'Local', 'CI', 90533826);
INSERT INTO PEDIDO (NOMTARJ, FECHA, CODMENU, MONTOPED, TIPO, TIPODOC, NROEMP) VALUES ('47840005', '09/05/2019', 40, 2290, 'TakeAway', 'CI', 90533826);
INSERT INTO PEDIDO (NOMTARJ, FECHA, CODMENU, MONTOPED, TIPO, TIPODOC, NROEMP) VALUES ('17959753', '23/03/2019', 12, 383, 'Local', 'DNI', 97319538);
INSERT INTO PEDIDO (NOMTARJ, FECHA, CODMENU, MONTOPED, TIPO, TIPODOC, NROEMP) VALUES ('17959753', '27/10/2019', 10, 663, 'TakeAway', 'DNI', 97319538);
INSERT INTO PEDIDO (NOMTARJ, FECHA, CODMENU, MONTOPED, TIPO, TIPODOC, NROEMP) VALUES ('93149091', '12/06/2019', 4, 189, 'Local', 'DNI', 90579386);
INSERT INTO PEDIDO (NOMTARJ, FECHA, CODMENU, MONTOPED, TIPO, TIPODOC, NROEMP) VALUES ('93149091', '10/12/2019', 34, 2484, 'TakeAway', 'DNI', 90579386);
INSERT INTO PEDIDO (NOMTARJ, FECHA, CODMENU, MONTOPED, TIPO, TIPODOC, NROEMP) VALUES ('93149091', '02/12/2019', 32, 310, 'Delivery', 'DNI', 90579386);
INSERT INTO PEDIDO (NOMTARJ, FECHA, CODMENU, MONTOPED, TIPO, TIPODOC, NROEMP) VALUES ('93149091', '03/02/2019', 16, 2455, 'TakeAway', 'DNI', 90579386);
INSERT INTO PEDIDO (NOMTARJ, FECHA, CODMENU, MONTOPED, TIPO, TIPODOC, NROEMP) VALUES ('23949092', '30/06/2019', 12, 235, 'TakeAway', 'CI', 29766033);
INSERT INTO PEDIDO (NOMTARJ, FECHA, CODMENU, MONTOPED, TIPO, TIPODOC, NROEMP) VALUES ('23949092', '08/01/2019', 8, 2551, 'Local', 'CI', 29766033);
INSERT INTO PEDIDO (NOMTARJ, FECHA, CODMENU, MONTOPED, TIPO, TIPODOC, NROEMP) VALUES ('23949092', '05/12/2019', 43, 668, 'TakeAway', 'CI', 65167105);
INSERT INTO PEDIDO (NOMTARJ, FECHA, CODMENU, MONTOPED, TIPO, TIPODOC, NROEMP) VALUES ('23949092', '30/09/2019', 6, 1765, 'TakeAway', 'CI', 65167105);
INSERT INTO PEDIDO (NOMTARJ, FECHA, CODMENU, MONTOPED, TIPO, TIPODOC, NROEMP) VALUES ('84383949', '15/03/2019', 27, 1329, 'TakeAway', 'CPF', 58749896);
INSERT INTO PEDIDO (NOMTARJ, FECHA, CODMENU, MONTOPED, TIPO, TIPODOC, NROEMP) VALUES ('84383949', '01/08/2019', 39, 2818, 'TakeAway', 'CPF', 58749896);
INSERT INTO PEDIDO (NOMTARJ, FECHA, CODMENU, MONTOPED, TIPO, TIPODOC, NROEMP) VALUES ('84383949', '17/04/2019', 9, 821, 'Delivery', 'CPF', 58749896);
INSERT INTO PEDIDO (NOMTARJ, FECHA, CODMENU, MONTOPED, TIPO, TIPODOC, NROEMP) VALUES ('84383949', '09/08/2019', 37, 1190, 'Delivery', 'CPF', 58749896);
INSERT INTO PEDIDO (NOMTARJ, FECHA, CODMENU, MONTOPED, TIPO, TIPODOC, NROEMP) VALUES ('18153652', '23/11/2019', 13, 292, 'TakeAway', 'DNI', 78099663);
INSERT INTO PEDIDO (NOMTARJ, FECHA, CODMENU, MONTOPED, TIPO, TIPODOC, NROEMP) VALUES ('18273040', '14/01/2019', 29, 862, 'Local', 'CI', 71706525);
INSERT INTO PEDIDO (NOMTARJ, FECHA, CODMENU, MONTOPED, TIPO, TIPODOC, NROEMP) VALUES ('18273040', '25/01/2019', 36, 951, 'Delivery', 'CI', 71706525);
INSERT INTO PEDIDO (NOMTARJ, FECHA, CODMENU, MONTOPED, TIPO, TIPODOC, NROEMP) VALUES ('84407838', '28/11/2019', 23, 1584, 'Local', 'CI', 57646564);
INSERT INTO PEDIDO (NOMTARJ, FECHA, CODMENU, MONTOPED, TIPO, TIPODOC, NROEMP) VALUES ('84407838', '11/01/2019', 16, 2771, 'Local', 'CI', 57646564);
INSERT INTO PEDIDO (NOMTARJ, FECHA, CODMENU, MONTOPED, TIPO, TIPODOC, NROEMP) VALUES ('84407838', '04/01/2019', 28, 1859, 'Delivery', 'CI', 57646564);
INSERT INTO PEDIDO (NOMTARJ, FECHA, CODMENU, MONTOPED, TIPO, TIPODOC, NROEMP) VALUES ('84407838', '25/03/2019', 14, 826, 'Delivery', 'CI', 57646564);
INSERT INTO PEDIDO (NOMTARJ, FECHA, CODMENU, MONTOPED, TIPO, TIPODOC, NROEMP) VALUES ('23878766', '23/11/2019', 29, 181, 'TakeAway', 'CPF', 14142650);
INSERT INTO PEDIDO (NOMTARJ, FECHA, CODMENU, MONTOPED, TIPO, TIPODOC, NROEMP) VALUES ('77656913', '16/04/2019', 27, 749, 'Local', 'DNI', 26126235);
INSERT INTO PEDIDO (NOMTARJ, FECHA, CODMENU, MONTOPED, TIPO, TIPODOC, NROEMP) VALUES ('44800791', '02/09/2019', 4, 693, 'Local', 'DNI', 10993103);
INSERT INTO PEDIDO (NOMTARJ, FECHA, CODMENU, MONTOPED, TIPO, TIPODOC, NROEMP) VALUES ('44800791', '07/07/2019', 8, 233, 'Delivery', 'DNI', 10993103);
INSERT INTO PEDIDO (NOMTARJ, FECHA, CODMENU, MONTOPED, TIPO, TIPODOC, NROEMP) VALUES ('44800791', '17/08/2019', 7, 2605, 'TakeAway', 'DNI', 10993103);
INSERT INTO PEDIDO (NOMTARJ, FECHA, CODMENU, MONTOPED, TIPO, TIPODOC, NROEMP) VALUES ('44800791', '09/02/2019', 34, 2811, 'Delivery', 'DNI', 10993103);
INSERT INTO PEDIDO (NOMTARJ, FECHA, CODMENU, MONTOPED, TIPO, TIPODOC, NROEMP) VALUES ('43120928', '03/02/2019', 48, 2656, 'TakeAway', 'CPF', 80435247);
INSERT INTO PEDIDO (NOMTARJ, FECHA, CODMENU, MONTOPED, TIPO, TIPODOC, NROEMP) VALUES ('43120928', '12/05/2019', 6, 503, 'Delivery', 'CPF', 80435247);
INSERT INTO PEDIDO (NOMTARJ, FECHA, CODMENU, MONTOPED, TIPO, TIPODOC, NROEMP) VALUES ('43120928', '13/05/2019', 19, 1206, 'Local', 'CPF', 80435247);
INSERT INTO PEDIDO (NOMTARJ, FECHA, CODMENU, MONTOPED, TIPO, TIPODOC, NROEMP) VALUES ('43120928', '15/09/2019', 30, 1171, 'TakeAway', 'CPF', 80435247);
INSERT INTO PEDIDO (NOMTARJ, FECHA, CODMENU, MONTOPED, TIPO, TIPODOC, NROEMP) VALUES ('23949092', '21/11/2019', 44, 2437, 'Local', 'DNI', 10993103);
INSERT INTO PEDIDO (NOMTARJ, FECHA, CODMENU, MONTOPED, TIPO, TIPODOC, NROEMP) VALUES ('23949092', '03/04/2019', 49, 897, 'Local', 'DNI', 10993103);
INSERT INTO PEDIDO (NOMTARJ, FECHA, CODMENU, MONTOPED, TIPO, TIPODOC, NROEMP) VALUES ('23949092', '27/10/2019', 15, 920, 'Local', 'DNI', 10993103);
INSERT INTO PEDIDO (NOMTARJ, FECHA, CODMENU, MONTOPED, TIPO, TIPODOC, NROEMP) VALUES ('23949092', '13/03/2019', 1, 852, 'TakeAway', 'DNI', 10993103);
INSERT INTO PEDIDO (NOMTARJ, FECHA, CODMENU, MONTOPED, TIPO, TIPODOC, NROEMP) VALUES ('64276223', '03/02/2019', 31, 1103, 'Local', 'CPF', 49571179);
INSERT INTO PEDIDO (NOMTARJ, FECHA, CODMENU, MONTOPED, TIPO, TIPODOC, NROEMP) VALUES ('18273040', '24/01/2019', 41, 1143, 'TakeAway', 'CI', 34831520);
INSERT INTO PEDIDO (NOMTARJ, FECHA, CODMENU, MONTOPED, TIPO, TIPODOC, NROEMP) VALUES ('23878766', '21/07/2019', 21, 352, 'TakeAway', 'CPF', 75999464);
INSERT INTO PEDIDO (NOMTARJ, FECHA, CODMENU, MONTOPED, TIPO, TIPODOC, NROEMP) VALUES ('23878766', '11/08/2019', 44, 179, 'TakeAway', 'CPF', 75999464);
INSERT INTO PEDIDO (NOMTARJ, FECHA, CODMENU, MONTOPED, TIPO, TIPODOC, NROEMP) VALUES ('51089825', '05/10/2019', 48, 2103, 'Delivery', 'CPF', 82140612);
INSERT INTO PEDIDO (NOMTARJ, FECHA, CODMENU, MONTOPED, TIPO, TIPODOC, NROEMP) VALUES ('51089825', '05/07/2019', 18, 1924, 'TakeAway', 'CPF', 82140612);
INSERT INTO PEDIDO (NOMTARJ, FECHA, CODMENU, MONTOPED, TIPO, TIPODOC, NROEMP) VALUES ('51089825', '22/10/2019', 47, 1538, 'TakeAway', 'CPF', 82140612);
INSERT INTO PEDIDO (NOMTARJ, FECHA, CODMENU, MONTOPED, TIPO, TIPODOC, NROEMP) VALUES ('51089825', '31/10/2019', 19, 1363, 'Local', 'CPF', 82140612);
INSERT INTO PEDIDO (NOMTARJ, FECHA, CODMENU, MONTOPED, TIPO, TIPODOC, NROEMP) VALUES ('29884268', '03/06/2019', 31, 205, 'Local', 'DNI', 95817165);
INSERT INTO PEDIDO (NOMTARJ, FECHA, CODMENU, MONTOPED, TIPO, TIPODOC, NROEMP) VALUES ('29884268', '19/02/2019', 15, 336, 'Local', 'DNI', 95817165);
INSERT INTO PEDIDO (NOMTARJ, FECHA, CODMENU, MONTOPED, TIPO, TIPODOC, NROEMP) VALUES ('29884268', '12/01/2019', 6, 1919, 'TakeAway', 'DNI', 95817165);
INSERT INTO PEDIDO (NOMTARJ, FECHA, CODMENU, MONTOPED, TIPO, TIPODOC, NROEMP) VALUES ('93149091', '25/09/2019', 1, 1980, 'Local', 'CI', 45097144);
INSERT INTO PEDIDO (NOMTARJ, FECHA, CODMENU, MONTOPED, TIPO, TIPODOC, NROEMP) VALUES ('93149091', '28/09/2019', 15, 2924, 'TakeAway', 'CI', 45097144);
INSERT INTO PEDIDO (NOMTARJ, FECHA, CODMENU, MONTOPED, TIPO, TIPODOC, NROEMP) VALUES ('93149091', '28/03/2019', 39, 883, 'Delivery', 'CI', 45097144);
INSERT INTO PEDIDO (NOMTARJ, FECHA, CODMENU, MONTOPED, TIPO, TIPODOC, NROEMP) VALUES ('93149091', '15/06/2019', 19, 200, 'Local', 'CI', 45097144);
INSERT INTO PEDIDO (NOMTARJ, FECHA, CODMENU, MONTOPED, TIPO, TIPODOC, NROEMP) VALUES ('18273040', '07/10/2019', 20, 1686, 'Local', 'DNI', 95817165);
INSERT INTO PEDIDO (NOMTARJ, FECHA, CODMENU, MONTOPED, TIPO, TIPODOC, NROEMP) VALUES ('44800791', '19/02/2019', 27, 1284, 'Local', 'DNI', 15090517);
INSERT INTO PEDIDO (NOMTARJ, FECHA, CODMENU, MONTOPED, TIPO, TIPODOC, NROEMP) VALUES ('44800791', '06/10/2019', 16, 1287, 'Delivery', 'DNI', 15090517);
INSERT INTO PEDIDO (NOMTARJ, FECHA, CODMENU, MONTOPED, TIPO, TIPODOC, NROEMP) VALUES ('44800791', '01/03/2019', 5, 2367, 'TakeAway', 'DNI', 15090517);
INSERT INTO PEDIDO (NOMTARJ, FECHA, CODMENU, MONTOPED, TIPO, TIPODOC, NROEMP) VALUES ('21028266', '13/03/2019', 30, 2751, 'Local', 'CI', 30439592);
INSERT INTO PEDIDO (NOMTARJ, FECHA, CODMENU, MONTOPED, TIPO, TIPODOC, NROEMP) VALUES ('21028266', '03/05/2019', 21, 119, 'TakeAway', 'CI', 30439592);
INSERT INTO PEDIDO (NOMTARJ, FECHA, CODMENU, MONTOPED, TIPO, TIPODOC, NROEMP) VALUES ('10869857', '11/12/2019', 49, 2546, 'Delivery', 'DNI', 75894433);
INSERT INTO PEDIDO (NOMTARJ, FECHA, CODMENU, MONTOPED, TIPO, TIPODOC, NROEMP) VALUES ('10869857', '10/08/2019', 28, 1619, 'Local', 'DNI', 75894433);
INSERT INTO PEDIDO (NOMTARJ, FECHA, CODMENU, MONTOPED, TIPO, TIPODOC, NROEMP) VALUES ('10869857', '11/12/2019', 7, 1158, 'Local', 'DNI', 75894433);
INSERT INTO PEDIDO (NOMTARJ, FECHA, CODMENU, MONTOPED, TIPO, TIPODOC, NROEMP) VALUES ('10869857', '22/09/2019', 35, 2204, 'Local', 'DNI', 75894433);
INSERT INTO PEDIDO (NOMTARJ, FECHA, CODMENU, MONTOPED, TIPO, TIPODOC, NROEMP) VALUES ('29884268', '27/01/2019', 27, 2716, 'TakeAway', 'CPF', 86366547);
INSERT INTO PEDIDO (NOMTARJ, FECHA, CODMENU, MONTOPED, TIPO, TIPODOC, NROEMP) VALUES ('29884268', '23/05/2019', 25, 2784, 'Delivery', 'CPF', 86366547);
INSERT INTO PEDIDO (NOMTARJ, FECHA, CODMENU, MONTOPED, TIPO, TIPODOC, NROEMP) VALUES ('29884268', '21/08/2019', 3, 824, 'Delivery', 'CPF', 86366547);
INSERT INTO PEDIDO (NOMTARJ, FECHA, CODMENU, MONTOPED, TIPO, TIPODOC, NROEMP) VALUES ('55111814', '22/02/2019', 35, 1001, 'TakeAway', 'DNI', 35640147);
INSERT INTO PEDIDO (NOMTARJ, FECHA, CODMENU, MONTOPED, TIPO, TIPODOC, NROEMP) VALUES ('17959753', '05/04/2019', 15, 259, 'TakeAway', 'CPF', 18726917);
INSERT INTO PEDIDO (NOMTARJ, FECHA, CODMENU, MONTOPED, TIPO, TIPODOC, NROEMP) VALUES ('43120928', '13/09/2019', 20, 1177, 'TakeAway', 'DNI', 45560396);
INSERT INTO PEDIDO (NOMTARJ, FECHA, CODMENU, MONTOPED, TIPO, TIPODOC, NROEMP) VALUES ('43120928', '05/03/2019', 7, 104, 'TakeAway', 'DNI', 45560396);
INSERT INTO PARTEDE (CODMENU, CODMENUCOMPONENTE) VALUES (26, 20);
INSERT INTO PARTEDE (CODMENU, CODMENUCOMPONENTE) VALUES (26, 21);
INSERT INTO PARTEDE (CODMENU, CODMENUCOMPONENTE) VALUES (26, 22);
INSERT INTO PARTEDE (CODMENU, CODMENUCOMPONENTE) VALUES (26, 23);
INSERT INTO PARTEDE (CODMENU, CODMENUCOMPONENTE) VALUES (26, 24);
INSERT INTO PARTEDE (CODMENU, CODMENUCOMPONENTE) VALUES (26, 25);
INSERT INTO PARTEDE (CODMENU, CODMENUCOMPONENTE) VALUES (26, 26);
INSERT INTO PARTEDE (CODMENU, CODMENUCOMPONENTE) VALUES (26, 27);
INSERT INTO PARTEDE (CODMENU, CODMENUCOMPONENTE) VALUES (26, 28);
INSERT INTO PARTEDE (CODMENU, CODMENUCOMPONENTE) VALUES (27, 18);
INSERT INTO PARTEDE (CODMENU, CODMENUCOMPONENTE) VALUES (27, 19);
INSERT INTO PARTEDE (CODMENU, CODMENUCOMPONENTE) VALUES (27, 20);
INSERT INTO PARTEDE (CODMENU, CODMENUCOMPONENTE) VALUES (27, 21);
INSERT INTO PARTEDE (CODMENU, CODMENUCOMPONENTE) VALUES (27, 22);
INSERT INTO PARTEDE (CODMENU, CODMENUCOMPONENTE) VALUES (28, 17);
INSERT INTO PARTEDE (CODMENU, CODMENUCOMPONENTE) VALUES (28, 18);
INSERT INTO PARTEDE (CODMENU, CODMENUCOMPONENTE) VALUES (28, 19);
INSERT INTO PARTEDE (CODMENU, CODMENUCOMPONENTE) VALUES (28, 20);
INSERT INTO PARTEDE (CODMENU, CODMENUCOMPONENTE) VALUES (28, 21);
INSERT INTO PARTEDE (CODMENU, CODMENUCOMPONENTE) VALUES (28, 22);
INSERT INTO PARTEDE (CODMENU, CODMENUCOMPONENTE) VALUES (29, 15);
INSERT INTO PARTEDE (CODMENU, CODMENUCOMPONENTE) VALUES (29, 16);
INSERT INTO PARTEDE (CODMENU, CODMENUCOMPONENTE) VALUES (29, 17);
INSERT INTO PARTEDE (CODMENU, CODMENUCOMPONENTE) VALUES (29, 18);
INSERT INTO PARTEDE (CODMENU, CODMENUCOMPONENTE) VALUES (29, 19);
INSERT INTO PARTEDE (CODMENU, CODMENUCOMPONENTE) VALUES (29, 20);
INSERT INTO PARTEDE (CODMENU, CODMENUCOMPONENTE) VALUES (30, 1);
INSERT INTO PARTEDE (CODMENU, CODMENUCOMPONENTE) VALUES (30, 2);
INSERT INTO PARTEDE (CODMENU, CODMENUCOMPONENTE) VALUES (31, 23);
INSERT INTO PARTEDE (CODMENU, CODMENUCOMPONENTE) VALUES (31, 24);
INSERT INTO PARTEDE (CODMENU, CODMENUCOMPONENTE) VALUES (31, 25);
INSERT INTO PARTEDE (CODMENU, CODMENUCOMPONENTE) VALUES (31, 26);
INSERT INTO PARTEDE (CODMENU, CODMENUCOMPONENTE) VALUES (32, 4);
INSERT INTO PARTEDE (CODMENU, CODMENUCOMPONENTE) VALUES (32, 5);
INSERT INTO PARTEDE (CODMENU, CODMENUCOMPONENTE) VALUES (32, 6);
INSERT INTO PARTEDE (CODMENU, CODMENUCOMPONENTE) VALUES (32, 7);
INSERT INTO PARTEDE (CODMENU, CODMENUCOMPONENTE) VALUES (32, 8);
INSERT INTO PARTEDE (CODMENU, CODMENUCOMPONENTE) VALUES (33, 2);
INSERT INTO PARTEDE (CODMENU, CODMENUCOMPONENTE) VALUES (33, 3);
INSERT INTO PARTEDE (CODMENU, CODMENUCOMPONENTE) VALUES (33, 4);
INSERT INTO PARTEDE (CODMENU, CODMENUCOMPONENTE) VALUES (33, 5);
INSERT INTO PARTEDE (CODMENU, CODMENUCOMPONENTE) VALUES (34, 11);
INSERT INTO PARTEDE (CODMENU, CODMENUCOMPONENTE) VALUES (34, 12);
INSERT INTO PARTEDE (CODMENU, CODMENUCOMPONENTE) VALUES (34, 13);
INSERT INTO PARTEDE (CODMENU, CODMENUCOMPONENTE) VALUES (35, 15);
INSERT INTO PARTEDE (CODMENU, CODMENUCOMPONENTE) VALUES (35, 16);
INSERT INTO PARTEDE (CODMENU, CODMENUCOMPONENTE) VALUES (35, 17);
INSERT INTO PARTEDE (CODMENU, CODMENUCOMPONENTE) VALUES (35, 18);
INSERT INTO PARTEDE (CODMENU, CODMENUCOMPONENTE) VALUES (35, 19);
INSERT INTO PARTEDE (CODMENU, CODMENUCOMPONENTE) VALUES (35, 20);
INSERT INTO PARTEDE (CODMENU, CODMENUCOMPONENTE) VALUES (35, 21);
INSERT INTO PARTEDE (CODMENU, CODMENUCOMPONENTE) VALUES (35, 22);
INSERT INTO PARTEDE (CODMENU, CODMENUCOMPONENTE) VALUES (35, 23);
INSERT INTO PARTEDE (CODMENU, CODMENUCOMPONENTE) VALUES (36, 21);
INSERT INTO PARTEDE (CODMENU, CODMENUCOMPONENTE) VALUES (36, 22);
INSERT INTO PARTEDE (CODMENU, CODMENUCOMPONENTE) VALUES (37, 23);
INSERT INTO PARTEDE (CODMENU, CODMENUCOMPONENTE) VALUES (37, 24);
INSERT INTO PARTEDE (CODMENU, CODMENUCOMPONENTE) VALUES (37, 25);
INSERT INTO PARTEDE (CODMENU, CODMENUCOMPONENTE) VALUES (37, 26);
INSERT INTO PARTEDE (CODMENU, CODMENUCOMPONENTE) VALUES (39, 2);
INSERT INTO PARTEDE (CODMENU, CODMENUCOMPONENTE) VALUES (39, 3);
INSERT INTO PARTEDE (CODMENU, CODMENUCOMPONENTE) VALUES (39, 4);
INSERT INTO PARTEDE (CODMENU, CODMENUCOMPONENTE) VALUES (40, 18);
INSERT INTO PARTEDE (CODMENU, CODMENUCOMPONENTE) VALUES (40, 19);
INSERT INTO PARTEDE (CODMENU, CODMENUCOMPONENTE) VALUES (42, 25);
INSERT INTO PARTEDE (CODMENU, CODMENUCOMPONENTE) VALUES (43, 8);
INSERT INTO PARTEDE (CODMENU, CODMENUCOMPONENTE) VALUES (43, 9);
INSERT INTO PARTEDE (CODMENU, CODMENUCOMPONENTE) VALUES (43, 10);
INSERT INTO PARTEDE (CODMENU, CODMENUCOMPONENTE) VALUES (44, 15);
INSERT INTO PARTEDE (CODMENU, CODMENUCOMPONENTE) VALUES (44, 16);
INSERT INTO PARTEDE (CODMENU, CODMENUCOMPONENTE) VALUES (44, 17);
INSERT INTO PARTEDE (CODMENU, CODMENUCOMPONENTE) VALUES (44, 18);
INSERT INTO PARTEDE (CODMENU, CODMENUCOMPONENTE) VALUES (44, 19);
INSERT INTO PARTEDE (CODMENU, CODMENUCOMPONENTE) VALUES (44, 20);
INSERT INTO PARTEDE (CODMENU, CODMENUCOMPONENTE) VALUES (44, 21);
INSERT INTO PARTEDE (CODMENU, CODMENUCOMPONENTE) VALUES (44, 22);
INSERT INTO PARTEDE (CODMENU, CODMENUCOMPONENTE) VALUES (45, 7);
INSERT INTO PARTEDE (CODMENU, CODMENUCOMPONENTE) VALUES (45, 8);
INSERT INTO PARTEDE (CODMENU, CODMENUCOMPONENTE) VALUES (45, 9);
INSERT INTO PARTEDE (CODMENU, CODMENUCOMPONENTE) VALUES (45, 10);
INSERT INTO PARTEDE (CODMENU, CODMENUCOMPONENTE) VALUES (45, 11);
INSERT INTO PARTEDE (CODMENU, CODMENUCOMPONENTE) VALUES (45, 12);
INSERT INTO PARTEDE (CODMENU, CODMENUCOMPONENTE) VALUES (45, 13);
INSERT INTO PARTEDE (CODMENU, CODMENUCOMPONENTE) VALUES (45, 14);
INSERT INTO PARTEDE (CODMENU, CODMENUCOMPONENTE) VALUES (45, 15);
INSERT INTO PARTEDE (CODMENU, CODMENUCOMPONENTE) VALUES (46, 5);
INSERT INTO PARTEDE (CODMENU, CODMENUCOMPONENTE) VALUES (46, 6);
INSERT INTO PARTEDE (CODMENU, CODMENUCOMPONENTE) VALUES (46, 7);
INSERT INTO PARTEDE (CODMENU, CODMENUCOMPONENTE) VALUES (47, 8);
INSERT INTO PARTEDE (CODMENU, CODMENUCOMPONENTE) VALUES (47, 9);
INSERT INTO PARTEDE (CODMENU, CODMENUCOMPONENTE) VALUES (47, 10);
INSERT INTO PARTEDE (CODMENU, CODMENUCOMPONENTE) VALUES (47, 11);
INSERT INTO PARTEDE (CODMENU, CODMENUCOMPONENTE) VALUES (47, 12);
INSERT INTO PARTEDE (CODMENU, CODMENUCOMPONENTE) VALUES (47, 13);
INSERT INTO PARTEDE (CODMENU, CODMENUCOMPONENTE) VALUES (48, 23);
INSERT INTO PARTEDE (CODMENU, CODMENUCOMPONENTE) VALUES (48, 24);
INSERT INTO PARTEDE (CODMENU, CODMENUCOMPONENTE) VALUES (48, 25);
INSERT INTO PARTEDE (CODMENU, CODMENUCOMPONENTE) VALUES (48, 26);
INSERT INTO PARTEDE (CODMENU, CODMENUCOMPONENTE) VALUES (48, 27);
INSERT INTO PARTEDE (CODMENU, CODMENUCOMPONENTE) VALUES (48, 28);
INSERT INTO PARTEDE (CODMENU, CODMENUCOMPONENTE) VALUES (48, 29);
INSERT INTO PARTEDE (CODMENU, CODMENUCOMPONENTE) VALUES (49, 22);
INSERT INTO PARTEDE (CODMENU, CODMENUCOMPONENTE) VALUES (49, 23);
INSERT INTO PARTEDE (CODMENU, CODMENUCOMPONENTE) VALUES (49, 24);
INSERT INTO PARTEDE (CODMENU, CODMENUCOMPONENTE) VALUES (49, 25);
INSERT INTO PARTEDE (CODMENU, CODMENUCOMPONENTE) VALUES (49, 26);
INSERT INTO PARTEDE (CODMENU, CODMENUCOMPONENTE) VALUES (49, 27);
INSERT INTO PARTEDE (CODMENU, CODMENUCOMPONENTE) VALUES (49, 28);
INSERT INTO PARTEDE (CODMENU, CODMENUCOMPONENTE) VALUES (50, 7);
INSERT INTO PARTEDE (CODMENU, CODMENUCOMPONENTE) VALUES (50, 8);
INSERT INTO PARTEDE (CODMENU, CODMENUCOMPONENTE) VALUES (50, 9);
INSERT INTO PARTEDE (CODMENU, CODMENUCOMPONENTE) VALUES (50, 10);
INSERT INTO PARTEDE (CODMENU, CODMENUCOMPONENTE) VALUES (50, 11);
INSERT INTO PARTEDE (CODMENU, CODMENUCOMPONENTE) VALUES (50, 12);
INSERT INTO PARTEDE (CODMENU, CODMENUCOMPONENTE) VALUES (50, 13);